<?xml version="1.0" encoding="UTF-8" ?>
<!DOCTYPE mapper
        PUBLIC "-//mybatis.org//DTD Mapper 3.0//EN"
        "http://mybatis.org/dtd/mybatis-3-mapper.dtd">

<mapper namespace="PtuHelp.mapper.MemberMapper">

    <!-- 사용자 등록 -->
    <insert id="insertUser" parameterType="PtuHelp.model.User">
        INSERT INTO Users (pw, email, name, isadmin, emailVerified)
        VALUES (#{pw}, #{email}, #{name}, #{isadmin}, #{emailVerified});
    </insert>

    <!-- 사용자 이름으로 조회 -->
    <select id="getUserByUsername" parameterType="string" resultType="PtuHelp.model.User">
        SELECT ID, name, pw, email, isadmin, emailVerified
        FROM Users
        WHERE name = #{name}
    </select>

    <!-- 이메일 인증 토큰 저장 -->
    <insert id="saveVerificationToken" parameterType="map">
        INSERT INTO VerificationTokens (email, token) VALUES (#{email}, #{token})
    </insert>

    <!-- 인증 토큰으로 사용자 조회 -->
    <select id="getUserByVerificationToken" resultType="PtuHelp.model.User">
        SELECT U.ID, U.name, U.pw, U.email, U.isadmin, U.emailVerified
        FROM Users U
        JOIN VerificationTokens V ON U.email = V.email
        WHERE V.token = #{token}
    </select>
    
    <!-- 토큰으로 이메일 조회 -->
    <select id="getEmailByToken" parameterType="string" resultType="string">
        SELECT email FROM VerificationTokens WHERE token = #{token}
    </select>

    <!-- 이메일 인증 처리 -->
    <update id="verifyUserEmail" parameterType="string">
        UPDATE Users SET emailVerified = true WHERE email = #{email};
    </update>

    <!-- 이메일로 사용자 조회 -->
    <select id="getUserByEmail" parameterType="string" resultType="PtuHelp.model.User">
        SELECT * FROM Users WHERE email = #{email}
    </select>
    
    <!-- 사용자 ID로 조회 -->
    <select id="getUserById" parameterType="int" resultType="PtuHelp.model.User">
        SELECT ID, name, pw, email, isadmin, emailVerified
        FROM Users
        WHERE ID = #{userId}
    </select>
	
	<!-- 이메일 인증 토큰 삭제 -->
    <delete id="deleteVerificationTokenByEmail" parameterType="string">
        DELETE FROM VerificationTokens WHERE email = #{email};
    </delete>
    
    <select id="getVerificationTokenByEmail" parameterType="string" resultType="PtuHelp.model.VerificationToken">
    	SELECT * FROM VerificationTokens WHERE email = #{email}
	</select>

</mapper>
