<beans xmlns="http://www.springframework.org/schema/beans"
       xmlns:xsi="http://www.w3.org/2001/XMLSchema-instance"
       xsi:schemaLocation="
           http://www.springframework.org/schema/beans
           http://www.springframework.org/schema/beans/spring-beans.xsd">

    <!-- 데이터베이스 설정 -->
    <bean id="dataSource" class="org.springframework.jdbc.datasource.DriverManagerDataSource">
        <property name="driverClassName" value="com.mysql.cj.jdbc.Driver"/>
        <property name="url" value="jdbc:mysql://3.35.122.235:3306/ptuproject"/>
        <property name="username" value="ptu2"/>
        <property name="password" value="1324"/>
    </bean>

    <!-- MyBatis 설정 -->
    <bean id="sqlSessionFactory" class="org.mybatis.spring.SqlSessionFactoryBean">
        <property name="dataSource" ref="dataSource"/>
        <property name="mapperLocations" value="classpath:mapper/*.xml"/>
    </bean>
    
    <!-- MyBatis SqlSessionTemplate 설정 -->
    <bean id="sqlSessionTemplate" class="org.mybatis.spring.SqlSessionTemplate">
        <constructor-arg index="0" ref="sqlSessionFactory"/>
    </bean>

    <bean id="passwordEncoder" class="org.springframework.security.crypto.bcrypt.BCryptPasswordEncoder"/>
	
	<!-- UserService 설정 -->
    <bean id="userService" class="PtuHelp.service.UserServiceImpl" />
    
    <bean id="transactionManager" class="org.springframework.jdbc.datasource.DataSourceTransactionManager">
    	<property name="dataSource" ref="dataSource"/>
	</bean>
	
	<bean id="mailSender" class="org.springframework.mail.javamail.JavaMailSenderImpl">
    <property name="host" value="smtp.gmail.com" /> <!-- SMTP 서버 주소 -->
    <property name="port" value="587" /> <!-- SMTP 포트 -->
    <property name="username" value="ptuhelp2@gmail.com" /> <!-- SMTP 이메일 계정 -->
    <property name="password" value="onwglbvgceehbbqe" /> <!-- 계정 비밀번호 -->
    <property name="javaMailProperties">
        <props>
            <prop key="mail.transport.protocol">smtp</prop>
            <prop key="mail.smtp.auth">true</prop>
            <prop key="mail.smtp.starttls.enable">true</prop>
            <prop key="mail.debug">true</prop> <!-- 디버깅용 -->
        </props>
    </property>
	</bean>
	
</beans>
